id,title,source_name,source_type,link,published_at,topic,cross_tracker_flags,ai_summary_short,classification,noise_reason,trigger_word
6be0b518-484b-43aa-a45b-65332a23007e,"This Week in Science: Osteoarthritis Injections, Whale &#039;Speech&#039;, And Much More!",ScienceAlert,media,https://www.sciencealert.com/this-week-in-science-osteoarthritis-injections-whale-speech-and-much-more,2026-04-18T11:00:59+00:00,science,,"This ScienceAlert weekly roundup covers general science stories including osteoarthritis drug research, sperm whale communication, and HIV remission, ",,,
426b42a1-496a-4168-98d8-fff42901f6fe,Earth&#039;s tectonic elevator hauls ancient buried microbes back to the seafloor to revive and spread,Phys.org Ocean,media,https://phys.org/news/2026-04-earth-tectonic-elevator-hauls-ancient.html,2026-04-18T11:00:03+00:00,science,,Research presented at the 2026 SSA Annual Meeting proposes that fault slip in subduction zones drives a tectonic pump that transports long-buried subs,,,
63c0b6c8-6b2c-46ff-ba46-e44654f2066b,Global N2Onet aims to cut farm nitrous oxide emissions with shared data,Phys.org Ocean,media,https://phys.org/news/2026-04-global-n2onet-aims-farm-nitrous.html,2026-04-18T11:00:02+00:00,science,,"Researchers led by the Center for Advanced Bioenergy and Bioproducts Innovation have proposed N2Onet, a global collaborative initiative to accelerate ",,,
54d57e52-4a1c-4900-8657-65d4b6a0ec57,The US Defense Department Is Still Preparing for Climate Change,Bloomberg Green,esg,https://www.bloomberg.com/news/newsletters/2026-04-18/in-florida-the-pentagon-is-still-preparing-key-base-for-climate-change,2026-04-18T11:00:02+00:00,bluefinance,,The US Defense Department continues to prepare for climate change impacts despite no longer publicly discussing the issue. The gap between official me,,,
d4e8ed58-f396-4727-a9dc-10284d494682,"Rivers are driving a hidden permafrost meltdown, with thaw progressing 15% faster than expected",Phys.org Ocean,media,https://phys.org/news/2026-04-rivers-hidden-permafrost-meltdown-faster.html,2026-04-18T10:39:02+00:00,science,,,,,
aff50785-a4dc-41b9-937b-d3d6a4bb8ec2,Taiwan landslide&#039;s hidden motion comes into focus as fiber optics track deep slip,Phys.org Ocean,media,https://phys.org/news/2026-04-taiwan-landslide-hidden-motion-focus.html,2026-04-18T10:25:17+00:00,science,,,,,
e5975966-d2dc-4749-bb5b-ccdea7bac14a,Wildfires used to &#039;go to sleep&#039; at night. Climate change is turning them into prime burning hours,Phys.org Ocean,media,https://phys.org/news/2026-04-wildfires-night-climate-prime-hours.html,2026-04-18T10:16:17+00:00,science,,,,,
b0635d65-a7d0-4a9d-b80b-02e79ffee68a,"Stranded and dying, the German whale is a parable of our troubled relationship with these sea giants",Guardian Oceans,media,https://www.theguardian.com/environment/2026/apr/18/stranded-dying-german-whale-troubled-relationship-sea-timmy,2026-04-18T06:00:05+00:00,governance,,,,,
02dd6512-e1d1-4a2e-b056-169b602193fa,China Clean Tech Exports Jump Amid Global Energy Disruption,Bloomberg Green,esg,https://www.bloomberg.com/news/articles/2026-04-18/china-clean-tech-exports-jump-amid-global-energy-disruption,2026-04-18T04:28:56+00:00,bluefinance,,"China's clean technology exports climbed in March, driven by rising global demand for alternative energy sources amid disruption from the Iran war. Th",,,
acd855f8-5d19-4c75-9f80-73425fb25be7,It&#039;s Official: Antarctica&#039;s Iconic Emperor Penguins Are Endangered,ScienceAlert,media,https://www.sciencealert.com/its-official-antarcticas-iconic-emperor-penguins-are-endangered,2026-04-18T01:00:47+00:00,science,30x30,"Emperor penguins have been officially listed as endangered on the IUCN Red List, alongside the Antarctic fur seal, marking the first time a penguin an",,,
dde12f45-9785-4624-8d56-cc53628a5710,Study finds park design affects cooling differently by day and night,Phys.org Ocean,media,https://phys.org/news/2026-04-affects-cooling-differently-day-night.html,2026-04-18T00:40:02+00:00,science,,"A Concordia University study of 13 Montreal parks found that large, aggregated tree clusters provide the strongest daytime cooling but slow heat relea",,,
0253b595-8e93-4b0f-ac93-89addfb9350e,Northline CEO exits over BBEDC's demands to partner with rival Silver Bay,Undercurrent News,media,https://www.undercurrentnews.com/2026/04/18/northline-ceo-exits-over-bbedcs-demands-to-partner-with-rival-silver-bay/,2026-04-18T00:06:56+00:00,fisheries,,Northline's CEO Ben Blakey has exited the company following a dispute with the Bristol Bay Economic Development Corporation (BBEDC) over demands that ,,,
7a62d3b4-5784-4eda-a44e-70844844cd68,"Machine learning detects more than 60,000 earthquakes during 2025 Santorini sequence",Phys.org Ocean,media,https://phys.org/news/2026-04-machine-earthquakes-santorini-sequence.html,2026-04-17T22:00:01+00:00,science,,"A machine learning study detected more than 60,000 earthquakes during the 2025 Santorini seismic sequence between December 2024 and June 2025, identif",,,
61255355-4a28-40bc-9cd1-717d245eae85,"Out of sight, but not out of trouble: Groundwater contamination in NZ reveals a legacy of human pressure",Phys.org Ocean,media,https://phys.org/news/2026-04-sight-groundwater-contamination-nz-reveals.html,2026-04-17T20:20:04+00:00,science,,"New Zealand's Our Freshwater 2026 report documents rising groundwater nitrate contamination at 39% of monitored sites, with 43% of sites exceeding nat",,,
b3014d7c-b3f4-4efa-94ab-ad5f56c3dec1,IMF Warns Suspending EU Carbon Market Comes With Huge Risks,Bloomberg Green,esg,https://www.bloomberg.com/news/articles/2026-04-17/imf-warns-suspending-eu-carbon-market-comes-with-huge-risks,2026-04-17T19:41:59+00:00,bluefinance,ocean_carbon,"The IMF has urged the European Union not to pause its emissions trading system, warning that suspension would carry 'huge' risks to investment. The IM",,,
7929366c-6960-4d58-9285-6b216f3ba1b6,Indonesia&#039;s fire crisis comes into focus as high-resolution satellite maps expose 5.62 million hectares affected,Phys.org Ocean,media,https://phys.org/news/2026-04-indonesia-crisis-focus-high-resolution.html,2026-04-17T18:30:01+00:00,science,,"A peer-reviewed study has mapped 5.62 million hectares of fire-affected land across Indonesia between January 2019 and December 2024, using the first ",,,
03cdfac9-fe3b-4a83-93b0-7d192365208b,Nuclear Startup Plans South Carolina Reactor as Power Needs Soar,Bloomberg Green,esg,https://www.bloomberg.com/news/articles/2026-04-17/nuclear-startup-plans-south-carolina-reactor-as-power-needs-soar,2026-04-17T18:21:04+00:00,bluefinance,,"Nuclear Co., a startup, is seeking to build a large, conventional nuclear reactor in South Carolina, marking one of the first US efforts of this kind ",,,
468bad8b-3e1f-4c4a-a5ff-925db005e1ba,MBARI immerses visitors in the ocean soundscape at 16th Annual Whalefest Monterey,MBARI,res,https://www.mbari.org/news/mbari-immerses-visitors-in-the-ocean-soundscape-at-16th-annual-whalefest-monterey/,2026-04-17T18:15:28+00:00,technology,,"MBARI presented an ocean soundscape immersion experience at the 16th Annual Whalefest Monterey, drawing on its marine research and technology work. Th",,,
defe471a-23b7-43e4-a435-d64eedc2be01,Ocean bottom seismometers could improve earthquake warning times in Pacific Northwest,Phys.org Ocean,media,https://phys.org/news/2026-04-ocean-bottom-seismometers-earthquake-pacific.html,2026-04-17T17:00:01+00:00,science,,Research presented at the 2026 SSA Annual Meeting finds that incorporating data from cabled ocean bottom seismometers offshore Oregon and Vancouver Is,,,
55c8494e-9d23-47a2-b860-a4c629d12787,US lifts restrictions on Panamanian tuna after environmental certification,Undercurrent News,media,https://www.undercurrentnews.com/2026/04/17/us-lifts-restrictions-on-panamanian-tuna-after-environmental-certification/,2026-04-17T16:49:48+00:00,fisheries,iuu,The US has lifted trade restrictions on Panamanian tuna following environmental certification of Panama's fishing practices. This market reopening car,,,
d69cf224-647b-450a-8604-5ffca1c0016b,Kenyan E-Bike Maker to Boost Output as Iran War Spurs Demand,Bloomberg Green,esg,https://www.bloomberg.com/news/articles/2026-04-17/kenyan-e-bike-maker-to-boost-output-as-iran-war-spurs-demand,2026-04-17T16:44:25+00:00,bluefinance,,,,,
df2518e8-c683-4352-93ec-d3bdbe0fff77,Total Chinese seafood ban floated again at congressional IUU hearing,Undercurrent News,media,https://www.undercurrentnews.com/2026/04/17/sub-and-pub-friday-us-us-senator-floats-total-ban-on-chinese-seafood-at-congressional-iuu-hearing/,2026-04-17T16:41:16+00:00,fisheries,iuu,"A US senator floated a total ban on Chinese seafood imports at a congressional hearing on illegal, unreported, and unregulated fishing. Senator Dan Su",,,
b30eaa0b-1c43-4320-98cc-ecb25f260796,Total Chinese seafood ban floated again at congressional IUU hearing,Undercurrent News,media,https://www.undercurrentnews.com/2026/04/17/total-chinese-seafood-ban-floated-again-at-congressional-iuu-hearing/,2026-04-17T16:41:16+00:00,fisheries,iuu,"A total ban on Chinese seafood imports was raised again at a US congressional hearing focused on illegal, unreported and unregulated fishing. Senator ",,,
b427046c-5aca-4c78-ba57-2baf1ce2fa6e,US 'Buy American Seafood' bill takes aim at imports,Undercurrent News,media,https://www.undercurrentnews.com/2026/04/17/us-buy-american-seafood-bill-takes-aim-at-imports/,2026-04-17T16:32:17+00:00,fisheries,,,,,
745a1100-c72e-433c-8935-5c6dfdb10c96,"Peru's bonito tuna catch declines in 2025, but early 2026 surge points to recovery",Undercurrent News,media,https://www.undercurrentnews.com/2026/04/17/perus-bonito-tuna-catch-declines-in-2025-but-early-2026-surge-points-to-recovery/,2026-04-17T16:29:45+00:00,fisheries,,"Peru's bonito tuna fishery recorded a decline in 2025 following years of steady expansion, with early 2026 showing a sharp rise in landings, processin",,,
6b11d50d-4e1b-466e-84af-ed09dc4ab958,Brazil's farmed tilapia sector sees seasonal demand boost amid export decline,Undercurrent News,media,https://www.undercurrentnews.com/2026/04/17/brazils-farmed-tilapia-sector-sees-seasonal-demand-boost-amid-export-decline/,2026-04-17T16:16:40+00:00,fisheries,,Brazil's farmed tilapia sector recorded higher domestic prices and sales during Lent while exports declined simultaneously. The sector's performance i,,,
1b33efe8-86a6-4553-bc6e-1af200017fe9,Canada's Walcan Seafood welcomes first MSC certification for pink salmon,Undercurrent News,media,https://www.undercurrentnews.com/2026/04/17/canadas-walcan-seafood-welcomes-first-msc-certification-for-pink-salmon/,2026-04-17T16:12:23+00:00,fisheries,msp,"Walcan Seafood has received the first MSC certification for pink salmon, achieved through a harvesting approach developed in partnership with the We W",,,
4471ef2f-560e-43f5-be78-2324edbea0fd,Catch the Current: It's raining lobster,Undercurrent News,media,https://www.undercurrentnews.com/2026/04/17/catch-the-current-its-raining-lobster/,2026-04-17T15:34:39+00:00,fisheries,,Summary unavailable. Full article text could not be retrieved. Visit the original source directly.,,,
3de659ec-b525-4922-9981-17dad9feae29,Trump Plans Oil Lease Sale in Alaska’s Arctic Wildlife Refuge,Bloomberg Green,esg,https://www.bloomberg.com/news/articles/2026-04-17/trump-plans-oil-lease-sale-in-alaska-s-arctic-wildlife-refuge,2026-04-17T14:56:58+00:00,bluefinance,arctic,"The Trump administration plans to offer at least 400,000 acres in Alaska's Arctic National Wildlife Refuge for oil and gas drilling rights in June, ma",,,
c54168aa-2697-4e81-b8ba-919591e011b4,Global seafood market begins to feel pain from Iran war,Undercurrent News,media,https://www.undercurrentnews.com/2026/04/17/iran-war-sends-shockwaves-through-global-seafood-market/,2026-04-17T14:44:18+00:00,fisheries,,"The global seafood market is experiencing disruption linked to the Iran conflict, with Rabobank analyst Gorjan Nikolik warning that peak impact is occ",,,
5db9a069-c78d-4792-a6b2-11b9a1566a85,UN office&#039;s recovery plan advances flood relief efforts in Pakistan,Phys.org Ocean,media,https://phys.org/news/2026-04-office-recovery-advances-relief-efforts.html,2026-04-17T14:40:05+00:00,science,,"OCHA's six-month Pakistan Support Plan for Relief and Early Recovery, covering October 2025 to April 2026, is being implemented across 14 prioritised ",,,
bbb6e95e-e8f6-4bf3-925c-cb36a0196c27,"US wholesale: Mahi market tight, thin as raw material proves difficult to procure",Undercurrent News,media,https://www.undercurrentnews.com/2026/04/17/us-wholesale-mahi-mahi-market-tight-and-thin-as-raw-material-from-all-origins-difficult-to-procure/,2026-04-17T14:31:27+00:00,fisheries,,US wholesale mahi-mahi markets are experiencing tightness and thin supply conditions as raw material from all origins has become difficult to procure.,,,
12328d54-5801-4173-891b-dcc869479da5,DeBriefed 17 April 2026: Fossil-fuel power slumps &#124; ‘Super’ El Niño warning &#124; Afghanistan’s climate struggle,Carbon Brief,media,https://www.carbonbrief.org/debriefed-17-april-2026-fossil-fuel-power-slumps-super-el-nino-warning-afghanistans-climate-struggle/,2026-04-17T14:27:52+00:00,climate,,,,,
307f1963-0872-4da8-b730-ab84e9c20c29,"Fast casual poke chain accelerates growth in Q1, deepens US expansion pipeline",Undercurrent News,media,https://www.undercurrentnews.com/2026/04/17/fast-casual-poke-chain-accelerates-growth-in-q1-deepens-us-expansion-pipeline/,2026-04-17T14:22:39+00:00,fisheries,,"A fast casual poke chain reported accelerated growth in Q1 and deepened its US expansion pipeline, according to a statement from Pokeworks. The articl",,,
38b05508-ba9d-4871-bd6e-9d883739c7bd,Mosquitoes reach Iceland for the first time as the Arctic heats up,Phys.org Ocean,media,https://phys.org/news/2026-04-mosquitoes-iceland-arctic.html,2026-04-17T14:20:01+00:00,science,,"Three Culiseta annulata specimens were discovered in a garden in Kjós, Iceland in 2025, marking the first recorded mosquito presence in the only Arcti",,,
31848f9a-11fd-4acb-933a-9512e646ac6b,"Norway salmon spot prices ease again ahead of SEG Barcelona, Scots flat",Undercurrent News,media,https://www.undercurrentnews.com/2026/04/17/norway-salmon-spot-prices-ease-again-ahead-of-seg-barcelona-scots-flat/,2026-04-17T14:06:19+00:00,fisheries,,"UCN has cut its FCA Oslo fresh, head-on gutted salmon price assessment across all sizes in the 3-6kg commercial range by approximately 2% for week 17.",,,
d998fdcd-3322-4372-8577-b337b28c6712,The Colorado River disappeared from the geological record for 5 million years: Scientists now know where it went,Phys.org Ocean,media,https://phys.org/news/2026-04-colorado-river-geological-million-years.html,2026-04-17T14:00:03+00:00,science,,"Geologists have identified the missing 5-million-year chapter of the Colorado River's geological history, showing it pooled in an ancient lake east of",,,
9807dbef-e6dd-4d88-b988-9082d7db5ea9,Soluble ST2 as a biomarker for predicting severe adverse events among pediatric patients with Mycoplasma pneumoniae pneumonia,PLOS ONE Marine,res,https://journals.plos.org/plosone/article?id=10.1371/journal.pone.0347651,2026-04-17T14:00:00+00:00,science,,Aim Mycoplasma pneumoniae (MP) is a leading cause of pneumonia in children. Early identification of patients at high risk is critical for improving ou,,,
a5c0af54-cfdd-4a31-ba0a-e125e1b0d3bd,Correction: Appropriate data segmentation improves speech encoding models: Analysis and simulation of electrophysiological recordings,PLOS ONE Marine,res,https://journals.plos.org/plosone/article?id=10.1371/journal.pone.0347704,2026-04-17T14:00:00+00:00,science,,,,,
82324463-6d84-45c4-8b22-29d564401aef,Correction: Curated character of the Initial Upper Palaeolithic lithic artefact assemblages in Bacho Kiro Cave (Bulgaria),PLOS ONE Marine,res,https://journals.plos.org/plosone/article?id=10.1371/journal.pone.0347680,2026-04-17T14:00:00+00:00,science,,,,,
12e59976-0353-4c34-858c-bc7ce45ce5e5,"Correction: Geochemical signatures in plastic debris from the Curonian Lagoon, Lithuania",PLOS ONE Marine,res,https://journals.plos.org/plosone/article?id=10.1371/journal.pone.0347572,2026-04-17T14:00:00+00:00,science,,,,,
9d6ff88b-21bc-442d-bf61-90892820847c,The clinical characteristics and risk factors of steroid-induced ocular hypertension following pars plana vitrectomy,PLOS ONE Marine,res,https://journals.plos.org/plosone/article?id=10.1371/journal.pone.0347527,2026-04-17T14:00:00+00:00,science,,,,,
a8be8009-3ca6-47a9-b224-992c11805b16,Beyond the bamboo ceiling: How ethnic collaborative networks facilitate Chinese inventors’ knowledge remittances,PLOS ONE Marine,res,https://journals.plos.org/plosone/article?id=10.1371/journal.pone.0347548,2026-04-17T14:00:00+00:00,science,,,,,
dedf0a18-8e15-483c-8c7b-7498e9b99063,Treatment sequence patterns of urate-lowering therapy in Korean patients with gout: A common data model-based study,PLOS ONE Marine,res,https://journals.plos.org/plosone/article?id=10.1371/journal.pone.0347654,2026-04-17T14:00:00+00:00,science,,,,,
4373edde-d890-470d-82b8-04d14a78a2fb,A systematic review protocol: Efficacy and safety of nitrous oxide in analgesia in burn patients with dressing change,PLOS ONE Marine,res,https://journals.plos.org/plosone/article?id=10.1371/journal.pone.0347524,2026-04-17T14:00:00+00:00,science,,,,,
ee9a3c38-6a7d-482e-aedb-f5a197453b6e,Extensive intraoperative peritoneal lavage (EIPL) for gastric cancer with positive peritoneal lavage and/or stamp cytology: An exploratory phase II study,PLOS ONE Marine,res,https://journals.plos.org/plosone/article?id=10.1371/journal.pone.0347742,2026-04-17T14:00:00+00:00,science,,,,,
4f593f51-ebc2-4a88-b6f2-bcffd442ea03,Color outside the lines: How does amoral management influence employees’ creative unethicality?,PLOS ONE Marine,res,https://journals.plos.org/plosone/article?id=10.1371/journal.pone.0347530,2026-04-17T14:00:00+00:00,science,,,,,
fa35d197-6906-4ea4-9e5a-14b3a7ba6bbf,Q&A: What Magyar’s defeat of Orbán in Hungary means for climate and energy,Carbon Brief,media,https://www.carbonbrief.org/qa-what-magyars-defeat-of-orban-in-hungary-means-for-climate-and-energy/,2026-04-17T13:58:02+00:00,climate,,,,,
8f55b08e-8a05-4f0f-b576-3fb4353fe4eb,Weekly Ocean News 17 April,Blue Marine Foundation,ngo,https://www.bluemarinefoundation.com/weekly-ocean-news-17-april/,2026-04-17T13:48:02+00:00,mpa,,,,,
6753fdce-f3b3-44bc-b9d9-450585ff9137,&#039;Cruelly hot&#039;: Japan devises new term for heat wave days,Phys.org Ocean,media,https://phys.org/news/2026-04-cruelly-hot-japan-term-days.html,2026-04-17T13:40:02+00:00,science,,"Japan's Meteorological Agency has introduced 'kokusho-bi' ('cruelly hot') as a new official temperature category for days reaching 40°C and above, fol",,,
05119c8e-d1ad-4391-9229-7c32d58296f0,SalMar owner buys 9% stake in salmon farmer Masoval,Undercurrent News,media,https://www.undercurrentnews.com/2026/04/17/salmar-owner-buys-9-stake-in-salmon-farmer-masoval/,2026-04-17T13:20:02+00:00,fisheries,,"Kverva, the Witzoe family's investment vehicle, has acquired an 8.7% stake in Norwegian salmon farmer Masoval. The acquisition comes as the Masoval fa",,,
50e37ff3-7540-4e08-8c6e-2c156e6a5ab4,Transparency data: Specialised Committee on Fisheries,UK DEFRA,gov,https://www.gov.uk/government/publications/specialised-committee-on-fisheries,2026-04-17T13:00:02+00:00,governance,,"The UK-EU Specialised Committee on Fisheries has published a decision on fisheries access covering the period from 1 July 2026 to 30 June 2038, alongs",,,
bd4bf9b3-3068-437b-9839-34e9a14943a2,"As Clean Energy Tax Credit Expiration Nears, States Rush Projects",Bloomberg Green,esg,https://www.bloomberg.com/news/newsletters/2026-04-17/from-california-to-new-york-states-rush-clean-energy-projects,2026-04-17T12:43:42+00:00,bluefinance,,"Several US states including California, Colorado, Minnesota, New York, New Jersey and Oregon are accelerating renewable energy projects ahead of clean",,,
f05817c4-56d1-49ea-8f73-84729be536a9,Surface-draped fiber captured plane&#039;s flight details at Nevada airfield,Phys.org Ocean,media,https://phys.org/news/2026-04-surface-draped-fiber-captured-plane.html,2026-04-17T11:20:02+00:00,science,,"Fiber optic cable originally deployed to detect the OSIRIS-REx re-entry capsule at a Nevada airfield also captured taxi speed, traffic pattern, and pr",,,
9f2d1176-32cb-4c59-88ab-ef0902837287,"RBC, Scotiabank Scrap Emissions Targets for Oil and Gas Lending",Bloomberg Green,esg,https://www.bloomberg.com/news/articles/2026-04-17/rbc-scotiabank-scrap-emissions-targets-for-oil-and-gas-lending,2026-04-17T11:09:20+00:00,bluefinance,blue_finance;ocean_carbon,Royal Bank of Canada and Bank of Nova Scotia have abandoned plans to reduce the carbon footprint associated with loans to heavy emitters such as oil a,,,
3cdbde9f-6ac7-4b69-9535-e790a3e7b4c7,States Rush to Build Clean Energy Projects to Tap Expiring Incentives,Bloomberg Green,esg,https://www.bloomberg.com/news/articles/2026-04-17/california-among-states-rushing-to-build-clean-energy-before-tax-breaks-expire,2026-04-17T10:00:14+00:00,bluefinance,,"US states are accelerating clean energy project construction to capture federal tax credits before they expire, with sky-high power prices making elec",,,
12815946-ad22-4de9-9dfd-b5d2b034dcd0,"Norway pelagic export prices correct after lifts, but not by much",Undercurrent News,media,https://www.undercurrentnews.com/2026/04/17/norway-pelagic-export-prices-correct-after-lifts-but-not-by-much/,2026-04-17T09:41:00+00:00,fisheries,,"Norwegian pelagic export prices for whole herring and mackerel rose sharply during the Easter break when volumes were low, then partially corrected do",,,
e84e2cf4-0b1a-440c-aa3b-ea6acef7cfc3,Samherji calls UK NGO's Fishrot lawsuit 'baseless' as it prepares for court hearing,Undercurrent News,media,https://www.undercurrentnews.com/2026/04/17/samherji-calls-uk-ngos-fishrot-lawsuit-baseless-as-it-prepares-for-court-hearing/,2026-04-17T09:38:15+00:00,fisheries,,,,,
5262eac1-67d0-4081-9477-18073798d48d,"Norway's 'harvest-ready' salmon biomass down, supply shift expected",Undercurrent News,media,https://www.undercurrentnews.com/2026/04/17/norways-harvest-ready-salmon-biomass-down-supply-shift-expected/,2026-04-17T09:30:56+00:00,fisheries,,"Kontali analysts have flagged a decline in Norway's harvest-ready salmon biomass ahead of Seafood Expo Global in Spain, with a supply shift expected t",,,
bd3b46c2-36ba-4835-9c25-a73cba5d6b37,"Global Seafood Alliance, Certified Seafood International launch cross-promotional effort",Undercurrent News,media,https://www.undercurrentnews.com/2026/04/17/sub-and-pub-eu-us-friday-global-seafood-alliance-certified-seafood-international-launch-cross-promotional-effort/,2026-04-17T09:26:50+00:00,fisheries,,The Global Seafood Alliance and Certified Seafood International have launched a cross-promotional effort. The collaboration follows GSA's appointment ,,,
abd65b04-8b93-43b5-a13d-297a982dded9,BioMar Australia hires aquaculture expert as commercial director,Undercurrent News,media,https://www.undercurrentnews.com/2026/04/17/biomar-australia-hires-aquaculture-expert-as-commercial-director/,2026-04-17T09:17:20+00:00,fisheries,,"BioMar Australia has appointed Matt Whittle, a Tasmanian aquaculture expert, as commercial director, with the role effective August 2026. The article ",,,
36487033-b99f-4a83-866d-328fcf1d56c9,"Driver kidnapped, Mowi salmon cargo stolen in Chile highway ambush",Undercurrent News,media,https://www.undercurrentnews.com/2026/04/17/driver-kidnapped-mowi-salmon-cargo-stolen-in-chile-highway-ambush/,2026-04-17T09:13:08+00:00,fisheries,,A truck driver was kidnapped and 11 tonnes of salmon stolen after suspects staged a fake crash to ambush a Mowi vehicle leaving a plant in Chile's Los,,,
987334d3-87d7-44fb-8f4b-01b8bdb7d212,"Climate change worsens disease, environmental stress in Norway's salmon farms",Undercurrent News,media,https://www.undercurrentnews.com/2026/04/17/climate-change-worsens-disease-environmental-stress-in-norways-salmon-farms/,2026-04-17T09:10:12+00:00,fisheries,msp,Climate change is intensifying disease and environmental stress in Norway's salmon farming industry as warming seas and shifting fjord conditions incr,,,
e3c657c9-c615-4ec3-a6a8-56f3ecff1234,UK retailer Asda launches Shetland mussel range as MSC volumes grow,Undercurrent News,media,https://www.undercurrentnews.com/2026/04/17/uk-retailer-asda-launches-shetland-mussel-range-as-msc-volumes-grow/,2026-04-17T09:05:00+00:00,fisheries,msp,"Asda has launched a Shetland mussel range as the MSC-certified Shetland and Scottish mussel fishery recorded production of 11,690 tonnes in 2024, up 1",,,
001b86c6-ed5f-4238-9aac-fe102309cf57,Hegseth Says Climate Change Is ‘Crap.’ The Military Is Still Bracing for It,Bloomberg Green,esg,https://www.bloomberg.com/news/features/2026-04-17/us-military-prepares-bases-for-climate-change-despite-pentagon-policy,2026-04-17T09:00:12+00:00,bluefinance,,"Despite Pentagon leadership dismissing climate change as politically unacceptable, the US military continues active infrastructure preparation against",,,
aaabd082-4712-4095-81dc-55fd664e4d69,Multi X: Salmon supply-demand balance should make for better 2026,Undercurrent News,media,https://www.undercurrentnews.com/2026/04/17/multi-x-salmon-supply-demand-balance-should-make-for-better-2026/,2026-04-17T08:58:58+00:00,fisheries,,"Multi X president Jose Ramon Gutierrez has expressed optimism about the supply-demand balance in international salmon markets for 2026, despite ongoin",,,
e569e1e8-7ee0-4325-aac8-bef0ca5bab08,Russian Fishery launches fifth new vessel under state scheme,Undercurrent News,media,https://www.undercurrentnews.com/2026/04/17/russian-fishery-launches-fifth-new-vessel-under-state-scheme/,2026-04-17T08:50:34+00:00,fisheries,,"Russian Fishery has launched its fifth vessel under a state-backed fleet renewal scheme, with the 108-meter ship built by Admiralty Shipyards and desi",,,
c69986df-1256-4cd7-9f4f-6cf56f0a385a,Scientists warn of greater uncertainty in future of Atlantic Current,Oceanographic Magazine,media,https://oceanographicmagazine.com/news/scientists-warn-of-greater-uncertainty-in-future-of-atlantic-current/,2026-04-17T08:13:17+00:00,all,ocean_carbon,New research finds the Atlantic Meridional Overturning Circulation could weaken approximately 60% more than standard estimates under a moderate emissi,,,
ea8e2b39-161f-4a73-9b49-eccca0b38278,Ecuadorian fishing fleet seeks gov't aid amid surging fuel costs,Undercurrent News,media,https://www.undercurrentnews.com/2026/04/17/ecuadorian-fishing-fleet-seeks-govt-aid-amid-surging-fuel-costs/,2026-04-17T08:07:20+00:00,fisheries,blue_finance,"Ecuador's fishing sector, led by the national chamber of fisheries, met with the ministry of fisheries this week to seek government aid amid surging f",,,
ba980ac2-8627-4b10-b831-4ee38f335d05,US wholesale: Salmon prices turn lower as global pressure builds,Undercurrent News,media,https://www.undercurrentnews.com/2026/04/17/us-wholesale-salmon-prices-turn-lower-as-global-pressure-builds/,2026-04-17T07:54:20+00:00,fisheries,,,,,
e590ef8c-47ed-477a-b1bb-0f2c7a21cf0e,Daily recap: Northline CEO Blakey resigns; Newfoundland snow crab price system reached,Undercurrent News,media,https://www.undercurrentnews.com/2026/04/17/daily-recap-northline-ceo-blakey-resigns-newfoundland-snow-crab-price-system-reached/,2026-04-17T07:30:29+00:00,fisheries,,,,,
f08d0cd1-a455-4c8e-a0b3-32a7f293811c,Scientists unite to map and protect Atlantic’s deep-sea corals,Oceanographic Magazine,media,https://oceanographicmagazine.com/news/scientists-unite-to-map-and-protect-atlantics-deep-sea-corals/,2026-04-17T06:34:08+00:00,all,msp;bbnj,"Scientists from nine countries have launched Coral Cartography, an Atlantic-wide initiative using imagery and machine learning to map cold-water coral",,,
67ddb57a-fb9d-4ca2-9d27-9efab5b69fcc,New East Africa initiative targets coral reef restoration in Kenya,Oceanographic Magazine,media,https://oceanographicmagazine.com/news/new-east-africa-initiative-targets-coral-reef-restoration-in-kenya/,2026-04-17T06:13:43+00:00,all,blue_finance;msp,"Canon Central and North Africa and Kenya's Oceans Alive Foundation have launched the East Africa chapter of Canon's World Unseen 2.0 initiative, targe",,,
56c64aa1-0092-43dc-90a9-9b72ace34f86,More than 15m oysters to be released in the North Sea for UK rewilding project,Guardian Oceans,media,https://www.theguardian.com/environment/2026/apr/17/more-than-15m-oysters-to-be-released-in-the-north-sea-for-uk-rewilding-project,2026-04-17T06:00:23+00:00,governance,ocean_carbon;30x30,"More than 15 million juvenile oysters are to be released into the North Sea near Orkney in a rewilding project run by the Green Britain Foundation, th",,,
61de287f-42c2-4089-a62f-e19d3123c410,"Record season for Ōamaru's kororā as nearly 1,000 chicks fledge",Oceanographic Magazine,media,https://oceanographicmagazine.com/news/record-season-for-oamarus-korora-as-nearly-1000-chicks-fledge/,2026-04-17T05:28:12+00:00,all,,Ōamaru Penguins recorded its most successful breeding season with 994 kororā chicks fledging across two managed colonies between May 2025 and April 20,,,
b87cb33b-58cc-4a1c-91a6-d3d49e98162a,China Lifts Green Push With Plan to Double Clean Energy by 2035,Bloomberg Green,esg,https://www.bloomberg.com/news/articles/2026-04-17/china-lifts-green-push-with-plan-to-double-clean-energy-by-2035,2026-04-17T03:26:05+00:00,bluefinance,,"China has announced a plan to double its non-fossil fuel energy supply by 2035, a target analysts describe as a boost to Beijing's green goals. The ar",,,
cae17b81-d8cd-4349-b68c-17a0b6a4d057,Deep earthquakes triggered by the olivine-poirierite transition,Phys.org Ocean,media,https://phys.org/news/2026-04-deep-earthquakes-triggered-olivine-poirierite.html,2026-04-17T02:40:03+00:00,science,,"Researchers at Ehime University have identified poirierite grains in fault gouge from deformation experiments on metastable olivine, confirming that t",,,
7e718e52-6c4a-419c-be59-9536b4f5034f,Pemex Undersea Pipeline Found to Cause Gulf Oil Spill,Bloomberg Green,esg,https://www.bloomberg.com/news/articles/2026-04-17/pemex-undersea-pipeline-found-to-cause-gulf-oil-spill,2026-04-17T02:01:58+00:00,bluefinance,,A Gulf of Mexico oil spill that contaminated beaches and killed wildlife has been attributed to a leaking undersea pipeline owned by Mexican state oil,,,
afe58ae6-48a2-4d3a-8ac1-6580b3f4ad9c,Magnetic robots could help remove dangerous nanoplastics from water,Science Ocean Research,res,https://www.science.org/content/article/magnetic-robots-could-help-remove-dangerous-nanoplastics-water,2026-04-17T01:55:00+00:00,science,,,,,
4c29fd59-802d-4c32-966e-98c30e1d1bd8,Different interannual co-evolutionary models reveal how East Asia&#039;s jet stream and summer monsoon evolve together,Phys.org Ocean,media,https://phys.org/news/2026-04-interannual-evolutionary-reveal-east-asia.html,2026-04-17T01:20:01+00:00,science,,A paleoclimate simulation study using the Community Earth System Model (CESM-LME) has identified a significant mode shift in the interannual co-evolut,,,
1f64f0e6-eb7a-4781-b10e-0403ec5d8371,Artificially engineered sea ice grows—but can’t withstand the thaw,Science Ocean Research,res,https://www.science.org/content/article/artificially-engineered-sea-ice-grows-can-t-withstand-thaw,2026-04-17T01:05:00+00:00,science,,,,,
59275328-8e5e-4aea-8fb4-02f9e8783134,Northline CEO Blakey resigns amidst takeover attempt by Silver Bay,Undercurrent News,media,https://www.undercurrentnews.com/2026/04/17/northline-ceo-blakey-resigns-amidst-takeover-attempt-by-silver-bay/,2026-04-17T00:15:39+00:00,fisheries,,"Northline CEO Blakey has resigned amid a takeover attempt by Silver Bay, according to Undercurrent News. If the acquisition proceeds, the market will ",,,
63e2b18a-59ed-4864-b2cb-31d2cd5f6dec,Climate impact of bottom fishing depends on where and how the seabed is disturbed,Phys.org Ocean,media,https://phys.org/news/2026-04-climate-impact-bottom-fishing-seabed.html,2026-04-17T00:00:01+00:00,science,ocean_carbon;msp,New peer-reviewed research published in the Journal of Applied Ecology finds that the climate impact of bottom fishing depends on location and whether,,,
ec9c7320-a010-49ad-af26-66294c8b77b9,Warming temperatures and shifting precipitation patterns may exacerbate pest damage in North American forests,Nature Ecology & Evolution,res,https://www.nature.com/articles/s41559-026-03039-9,2026-04-17T00:00:00+00:00,science,,,,,
3881b59c-2cec-41aa-8c8c-c58b0f5a6ee1,A newly recognized pollutant is widely present in the atmosphere,Phys.org Ocean,media,https://phys.org/news/2026-04-newly-pollutant-widely-atmosphere.html,2026-04-16T23:30:01+00:00,science,,A peer-reviewed study supervised by Utrecht University and the University of Groningen has found that large molecular methylsiloxanes are widely prese,,,
abb71fc5-59ff-4ca6-ae3a-6c9263b85cad,Relocating Venice among the options explored to protect the city against sea-level rise,Phys.org Ocean,media,https://phys.org/news/2026-04-relocating-venice-options-explored-city.html,2026-04-16T23:00:01+00:00,science,,A peer-reviewed study published in Scientific Reports has assessed four long-term adaptation strategies for Venice against IPCC Sixth Assessment Repor,,,
9ea6709c-7680-4f80-b5d2-59e46ab15bdd,Novel technique drills more detail into ice core records,Phys.org Ocean,media,https://phys.org/news/2026-04-technique-drills-ice-core.html,2026-04-16T22:30:03+00:00,science,,Researchers at The Ohio State University used a novel mass spectrometry technique to analyse more than 2 million individual particles from Taylor Glac,,,
caf6bd72-1433-402d-a705-9e8ebda5cb89,Extensive faults beneath Nevada nuclear lab raise unanswered earthquake risks,Phys.org Ocean,media,https://phys.org/news/2026-04-extensive-faults-beneath-nevada-nuclear.html,2026-04-16T21:20:02+00:00,science,,"A 2024 safety review found extensive, unstudied faults throughout the underground PULSE nuclear laboratory at the Nevada National Security Site, and r",,,
0df2c9f6-89a0-4d58-ab45-e74a53dee3e2,LiDAR maps medieval castle terrain and flags landslide-prone slopes in Japan,Phys.org Ocean,media,https://phys.org/news/2026-04-lidar-medieval-castle-terrain-flags.html,2026-04-16T21:00:01+00:00,science,,University of Tsukuba researchers have developed a method using airborne LiDAR-derived digital elevation models to distinguish terrain modified by med,,,
8e5ac8f1-7397-4f95-8799-26a9a942e543,Industrial chemical leaks could push ozone layer recovery back by 7 years,Phys.org Ocean,media,https://phys.org/news/2026-04-industrial-chemical-leaks-ozone-layer.html,2026-04-16T20:20:14+00:00,science,,An international study led by Empa and including University of Bristol researchers finds that leaks from industrial feedstock chemicals could delay oz,,,
37e17024-1a10-4088-be05-1c00559b972d,Washington DC&#039;s 240 million‑gallon sewage spill is a symptom of nationwide trouble,Phys.org Ocean,media,https://phys.org/news/2026-04-washington-dc-milliongallon-sewage-symptom.html,2026-04-16T20:20:10+00:00,science,msp,A 240 million-gallon raw sewage spill into the Potomac River between mid-January and mid-March 2026 is estimated to be the largest sewage spill in U.S,,,
d906956c-b239-401d-af85-d4adca6ee611,Japan farmed coho prices fall 30% at Miyagi season opening,Undercurrent News,media,https://www.undercurrentnews.com/2026/04/16/japan-farmed-coho-prices-fall-30-at-miyagi-season-opening/,2026-04-16T19:59:44+00:00,fisheries,,Japan's farmed coho salmon season opened in Miyagi with first-sale prices falling approximately 30% year-on-year. The price decline was driven by weak,,,
3dc21acc-01ae-4aa5-a403-22f299ced949,"Russian pollock roe supply to Japan, South Korea 'limited' as output falls, demand shifts",Undercurrent News,media,https://www.undercurrentnews.com/2026/04/16/russian-pollock-roe-supply-to-japan-south-korea-limited-as-output-falls-demand-shifts/,2026-04-16T19:59:30+00:00,fisheries,,Russian pollock roe supply to Japan and South Korea is set to be limited as output falls and export volumes shift toward China and the domestic market,,,
291a524a-c358-4180-a8f8-e5858b1416d4,Global warming causes Colombian glacier to disappear,Phys.org Ocean,media,https://phys.org/news/2026-04-global-colombian-glacier.html,2026-04-16T19:50:27+00:00,science,,Colombia's Cerros de la Plaza glacier in the Sierra Nevada del Cocuy has been officially declared disappeared by IDEAM following complete ice loss rec,,,
1cb1602e-e233-4894-b379-1b1dde3e9f4d,Navigating the past with ancient stone compass needles,Phys.org Ocean,media,https://phys.org/news/2026-04-ancient-stone-compass-needles.html,2026-04-16T19:20:03+00:00,science,,"A study published in the Journal of Geophysical Research: Solid Earth found that the smallest, most magnetically stable iron oxide particles produce s",,,
8ac6d7ca-28f4-4892-835f-b20ff8d302a0,"Newfoundland snow crab processors, harvesters settle on new price formula",Undercurrent News,media,https://www.undercurrentnews.com/2026/04/16/newfoundland-snow-crab-processors-harvesters-settle-on-new-price-formula/,2026-04-16T19:05:33+00:00,fisheries,,Newfoundland snow crab processors and harvesters have agreed on a new pricing formula that replaces post-season audits with weekly in-season dock pric,,,
fbe58f04-532c-4dec-a508-a3aa9ff71a43,Massive Atlantic sargassum blooms traced to West Africa,Phys.org Ocean,media,https://phys.org/news/2026-04-massive-atlantic-sargassum-blooms-west.html,2026-04-16T19:00:04+00:00,science,msp,A peer-reviewed study published in PNAS Nexus has traced the origin of the Great Atlantic Sargassum Belt to coastal waters near the Gulf of Guinea off,,,
2f9bfc82-f345-4990-a32c-b3d97de930b6,US Rejects CenterPoint Energy’s Bid to Close Indiana Coal Plant,Bloomberg Green,esg,https://www.bloomberg.com/news/articles/2026-04-16/us-rejects-centerpoint-energy-s-bid-to-close-indiana-coal-plant,2026-04-16T18:49:45+00:00,bluefinance,,"The Trump administration rejected CenterPoint Energy's request to close a 60-year-old coal plant in Indiana, compelling the utility to continue operat",,,
9460a875-68c3-4a7a-aaa2-72f66e61c4ff,BBNJ PrepCom 3: Inside the Negotiations,High Seas Alliance,ngo,https://highseasalliance.org/2026/04/16/bbnj-prepcom-3-inside-the-negotiations/,2026-04-16T18:12:46+00:00,governance,bbnj;30x30,"BBNJ PrepCom 3 concluded on 2 April 2026 after two weeks of negotiations, adopting a report with recommendations and draft elements to be forwarded to",,,
c8486c23-98c8-4d64-92e2-9b810827b83c,"Chinese pollock block price hikes continue before Barcelona show with Russian, US single-frozen short",Undercurrent News,media,https://www.undercurrentnews.com/2026/04/16/chinese-pollock-block-price-hikes-continue-before-barcelona-show-with-russian-us-single-frozen-short/,2026-04-16T17:42:01+00:00,fisheries,,"Chinese pollock block prices are continuing to rise ahead of the Barcelona seafood show, with single-frozen supplies from Russia and the United States",,,
ec608f55-50f2-4791-aaa7-28b52b83d074,A hidden Oregon basin and a shallower slab sharpen the Cascadia megaquake threat,Phys.org Ocean,media,https://phys.org/news/2026-04-hidden-oregon-basin-shallower-slab.html,2026-04-16T17:40:04+00:00,science,,"New seismological research finds the Juan de Fuca plate beneath northern Oregon is approximately 5 kilometres shallower than previously estimated, inc",,,
0f38fac6-b96b-4d7e-9c71-4efcdafc6aa8,New metric identifies at-risk mangroves before they disappear,Phys.org Ocean,media,https://phys.org/news/2026-04-metric-mangroves.html,2026-04-16T17:20:03+00:00,science,msp,Researchers from UC San Diego's Scripps Institution of Oceanography and the Centro para la Biodiversidad Marina y la Conservación have developed the M,,,
346241b2-bcde-47a2-a8c7-3b04b1f00024,US wholesale: Live lobster prices dive on Canadian LFA openings; coldwater tails at 52-week highs,Undercurrent News,media,https://www.undercurrentnews.com/2026/04/16/us-wholesale-live-lobster-prices-dive-on-lfa-openings-coldwater-tails-at-52-week-highs/,2026-04-16T17:03:42+00:00,fisheries,,"US wholesale live lobster prices have fallen following the opening of Canadian lobster fishing areas (LFAs), while coldwater tail prices have reached ",,,
0dd0e645-e29d-44b5-a8d4-4f5c120875dc,Microscopic green pigment provides insights into how successive typhoons drive cumulative water and ecosystem changes,Phys.org Ocean,media,https://phys.org/news/2026-04-microscopic-green-pigment-insights-successive.html,2026-04-16T17:00:05+00:00,science,,A Chinese research team has found for the first time that successive typhoons produce cumulative impacts on three-dimensional chlorophyll a density in,,,
cdb74c93-d3ae-4f3e-b5b9-d0135b2ef419,Simulations generate thousands of cyclone scenarios to predict extreme flooding in Bay of Bengal,Phys.org Ocean,media,https://phys.org/news/2026-04-simulations-generate-thousands-cyclone-scenarios.html,2026-04-16T17:00:04+00:00,science,msp,Argonne National Laboratory researchers have published simulations generating thousands of tropical cyclone scenarios to assess storm-tide risks to cr,,,
54071391-a168-4d24-89d9-3b88fbedf860,Feds propose boost for Alaska salmon in Cook Inlet,Undercurrent News,media,https://www.undercurrentnews.com/2026/04/16/feds-propose-boost-for-alaska-salmon-in-cook-inlet/,2026-04-16T16:55:26+00:00,fisheries,,,,,
64e305c5-4918-4868-b8dc-382bb83e7f34,"Profand surpasses €1.1bn in revenue, cements status as Spain’s largest seafood firm",Undercurrent News,media,https://www.undercurrentnews.com/2026/04/16/profand-surpasses-e1-1bn-in-revenue-cements-status-as-spains-largest-seafood-firm/,2026-04-16T16:55:12+00:00,fisheries,,"Profand surpassed €1.1 billion in revenue in 2025, confirming its position as Spain's largest seafood firm. The company recorded EBITDA of €97 million",,,
d6f522b0-b5c5-4c08-85bd-770b54eeaf6f,"US RTE salmon, tuna processor hit with second FDA warning letter",Undercurrent News,media,https://www.undercurrentnews.com/2026/04/16/us-rte-salmon-tuna-processor-hit-with-second-fda-warning-letter/,2026-04-16T16:45:33+00:00,fisheries,,"A US seafood processor in Los Angeles, California has received a second FDA warning letter after inspectors found HACCP violations at the facility. Th",,,
2f95d126-2fbc-42eb-8276-cc5102fd88cf,Warmer winters and snow drought may threaten western US water by speeding flows,Phys.org Ocean,media,https://phys.org/news/2026-04-warmer-winters-drought-threaten-western.html,2026-04-16T16:40:04+00:00,science,,A peer-reviewed study published in Scientific Reports projects that shifts from snow to rain in the western US will accelerate water transit times by ,,,
b45280f8-56d3-4599-9d2e-f8ca5a213830,UCN proposes launch of new CFR China price assessments for Argentine red shrimp,Undercurrent News,media,https://www.undercurrentnews.com/2026/04/16/ucn-proposes-launch-of-new-cfr-china-price-assessments-for-argentine-red-shrimp/,2026-04-16T16:37:45+00:00,fisheries,,Undercurrent News is proposing weekly CFR China price assessments for Argentine red shrimp. The assessments would be issued on a cost and freight basi,,,
adde264a-594b-4ede-a205-4d62855b3c1e,Canada's fishing regulations continue to challenge lobsterman lawmaker,Undercurrent News,media,https://www.undercurrentnews.com/2026/04/16/canadas-fishing-regulations-continue-to-challenge-lobsterman-lawmaker/,2026-04-16T16:31:43+00:00,fisheries,,"Canadian politician Sidney MacEwen, a lobsterman and Prince Edward Island lawmaker, faces ongoing conflict between federal fisheries policy and provin",,,
125b73c1-5a15-4ad5-9cc8-b0b9ddc98969,ComFish Alaska 2026: US state's fishing industry gathers to discuss season outlook,Undercurrent News,media,https://www.undercurrentnews.com/2026/04/16/comfish-alaska-2026/,2026-04-16T16:25:37+00:00,fisheries,,"The ComFish Alaska 2026 conference is underway in Kodiak, Alaska, where the US state's fishing industry has gathered to discuss the season outlook. Th",,,
0ea59d4d-7800-4ad4-9ae4-55936f2647df,ComFish Alaska 2026: US state's fishing industry gathers to discuss season outlook,Undercurrent News,media,https://www.undercurrentnews.com/2026/04/16/comfish-alaska-2026-us-states-fishing-industry-gathers-to-discuss-season-outlook/,2026-04-16T16:25:37+00:00,fisheries,,"The Undercurrent editorial team is reporting live from ComFish Alaska 2026 in Kodiak, Alaska, where the state's fishing industry has gathered to discu",,,
7d1445f2-cafb-4b08-ab04-d1b7d2eba56e,"Faced with tariff headwinds, Chicken of the Sea sees co-brands, sustainability as key to reach younger US consumers",Undercurrent News,media,https://www.undercurrentnews.com/2026/04/16/cliff-working-on-chicken-of-the-sea-sees-co-brands-sustainability-as-keys-to-reaching-younger-us-consumers/,2026-04-16T16:15:01+00:00,fisheries,,Chicken of the Sea is pursuing co-branding partnerships and sustainability positioning to attract younger US consumers amid tariff pressures. The comp,,,
27c76095-2ef6-49ff-93b3-26402f5eabb1,"Peru seafood exports climb as China demand powers surge in fishmeal, oil sales",Undercurrent News,media,https://www.undercurrentnews.com/2026/04/16/peru-seafood-exports-climb-as-china-demand-powers-surge-in-fishmeal-oil-sales/,2026-04-16T16:05:37+00:00,fisheries,,"Peru's seafood exports rose more than 50% in value in January 2026, driven by surging fishmeal and fish oil sales and a doubling of frozen seafood shi",,,
052ebf2a-eda1-43fd-8de6-cda7509a8df5,"Matorka secures €2.7m to support expansion post earthquake, volcanic activity",Undercurrent News,media,https://www.undercurrentnews.com/2026/04/16/matorka-secures-e2-7m-to-support-expansion-post-earthquake-volcanic-activity/,2026-04-16T16:00:35+00:00,fisheries,,,,,
e0cb92aa-d9a5-4521-bdb7-50d86f4f3504,Mazzetta defends Maine lobster dock expansion amidst fight with local co-op,Undercurrent News,media,https://www.undercurrentnews.com/2026/04/16/mazzetta-defends-maine-lobster-dock-expansion-amidst-fight-with-local-co-op/,2026-04-16T15:58:46+00:00,fisheries,,Mazzetta Company is defending its Maine lobster dock expansion against opposition from a local co-op. Tom Mazzetta stated the expansion at Atwood's is,,,
905caaba-ce35-4ffd-835c-9e284a68f820,Nigeria Passes Green Tax Targeting Vehicles With Bigger Engines,Bloomberg Green,esg,https://www.bloomberg.com/news/articles/2026-04-16/nigeria-passes-green-tax-targeting-vehicles-with-bigger-engines,2026-04-16T15:58:11+00:00,bluefinance,,"Nigeria has passed a green tax levying buyers of heavy-engine vehicles, including SUVs and trucks, to price in pollution costs and encourage electric-",,,
9bc08b3d-6214-4b35-b587-759ab55d32da,Scientists Reveal 4 Stark Options For Saving Venice From Rising Seas,ScienceAlert,media,https://www.sciencealert.com/scientists-reveal-4-stark-options-for-saving-venice-from-rising-seas,2026-04-16T15:00:16+00:00,science,msp,A European research team led by oceanographer Piero Lionello has assessed four options for protecting Venice from sea level rise: continuing with mova,,,
ac73d3a2-6f85-4d9d-b8f8-eec0c7b7a9b9,Atlantic current system could be weakening faster than expected,Phys.org Ocean,media,https://phys.org/news/2026-04-atlantic-current-weakening-faster.html,2026-04-16T14:40:05+00:00,science,ocean_carbon,"A peer-reviewed study published in Science Advances projects a 51% weakening of the Atlantic Meridional Overturning Circulation (AMOC) by 2100, substa",,,
4e3a0b12-3378-4e9d-a9b9-d5a74773159e,Head of new USDA seafood office gets to work,Undercurrent News,media,https://www.undercurrentnews.com/2026/04/16/head-of-new-usda-seafood-office-gets-to-work/,2026-04-16T14:38:07+00:00,fisheries,,"The USDA's newly established Office of Seafood has an acting director, Mike Illenberg, who has begun work in the role. Illenberg's stated priority is ",,,
c39baf79-4e0e-4c21-8334-57d58f28bce0,"Whale communication has parallels to human speech, study finds",Oceanographic Magazine,media,https://oceanographicmagazine.com/news/whale-communication-has-parallels-to-human-speech-study-finds/,2026-04-16T14:38:07+00:00,all,,A study by Project CETI published in Proceedings of the Royal Society B: Biological Sciences found that sperm whale codas share five organisational fe,,,
220ae4eb-26fe-498a-8738-bbdf27af89f4,China Briefing 16 April 2026: Billions for grid &#124; Petrochemical plan &#124; China’s high-seas bid,Carbon Brief,media,https://www.carbonbrief.org/china-briefing-16-april-2026-billions-for-grid-petrochemical-plan-chinas-high-seas-bid/,2026-04-16T14:00:57+00:00,climate,bbnj,"China has bid to host the secretariat of the Biodiversity Beyond National Jurisdiction (BBNJ) agreement, with the decision reportedly originating from",,,
8104258f-4c6f-4a2f-9f86-8e8b821b497a,Expression of Concern: Chemopreventive Activity of Ferulago angulate against Breast Tumor in Rats and the Apoptotic Effect of Polycerasoidin in MCF7 Cells: A Bioassay-Guided Approach,PLOS ONE Marine,res,https://journals.plos.org/plosone/article?id=10.1371/journal.pone.0347381,2026-04-16T14:00:00+00:00,science,,Summary unavailable. Full article text could not be retrieved. Visit the original source directly.,,,
b7e2b460-3732-4edf-bc06-9a1d24c8e869,Retraction: Myogenic differentiation of VCP disease-induced pluripotent stem cells: A novel platform for drug discovery,PLOS ONE Marine,res,https://journals.plos.org/plosone/article?id=10.1371/journal.pone.0347383,2026-04-16T14:00:00+00:00,science,,Summary unavailable. Full article text could not be retrieved. Visit the original source directly.,,,
53452713-5eb4-4408-a88a-3ecdc7e2a1a5,"Correction: The effects of viewing visual artwork on patients, staff, and visitors in healthcare settings: A scoping review",PLOS ONE Marine,res,https://journals.plos.org/plosone/article?id=10.1371/journal.pone.0347506,2026-04-16T14:00:00+00:00,science,,"PLOS ONE published a correction to a 2025 scoping review on the effects of viewing visual artwork in healthcare settings, fixing an error in the parti",,,
acd639f3-65a3-4fde-82c3-46f495aa60ac,"Beyond silos: Drivers and barriers to intersectoral collaboration in zoonotic disease surveillance and response in the Greater Accra Metropolitan Area, Ghana",PLOS ONE Marine,res,https://journals.plos.org/plosone/article?id=10.1371/journal.pone.0347471,2026-04-16T14:00:00+00:00,science,,"The One Health approach has gained global traction as a strategy to combat zoonotic diseases, which account for 60–75% of emerging infectious diseases",,,
72579c68-886b-4583-8a19-b9008fc942ba,Editorial Note: The residual rate of HPV and the recurrence rate of CIN after LEEP with negative margins: A meta-analysis,PLOS ONE Marine,res,https://journals.plos.org/plosone/article?id=10.1371/journal.pone.0347380,2026-04-16T14:00:00+00:00,science,,"This article is entirely outside Tideline's ocean and marine policy coverage area and contains no content relevant to ocean science, marine policy, bl",,,
4b1d7c62-377d-4cc6-b521-966fee269b31,Correction: Critical risk identification in construction projects using 2D and 3D risk matrices,PLOS ONE Marine,res,https://journals.plos.org/plosone/article?id=10.1371/journal.pone.0347505,2026-04-16T14:00:00+00:00,science,,"This article is a correction notice for a construction risk management paper published in PLOS ONE, not an ocean or marine policy topic. It has no rel",,,
2f94da98-7906-4560-98a6-31e4d87634e5,Correction: Predictive ability of plasma concentration of triglyceride/high density lipoprotein-cholesterol ratio for cardiometabolic variables in a sub-Sahara black African adolescent population–Nigerians,PLOS ONE Marine,res,https://journals.plos.org/plosone/article?id=10.1371/journal.pone.0347509,2026-04-16T14:00:00+00:00,science,,PLOS ONE republished a corrected version of a study on the predictive ability of the triglyceride/high density lipoprotein-cholesterol ratio for cardi,,,
55990ff9-44a9-4020-a3c4-252d8819adbe,Correction: Turning the tide on turnover: The impact of empowering leadership on the work-family spillover of managers,PLOS ONE Marine,res,https://journals.plos.org/plosone/article?id=10.1371/journal.pone.0347579,2026-04-16T14:00:00+00:00,science,,"This article is a correction notice published in PLOS ONE on April 16, 2026, identifying errors in Figure 1 of a 2023 management research paper on emp",,,
128a6cd7-f11c-4278-a449-c6b2214e8ca4,Correction: A systematic review and meta-analysis of adolescent nutrition in Ethiopia: Transforming adolescent lives through nutrition (TALENT) initiative,PLOS ONE Marine,res,https://journals.plos.org/plosone/article?id=10.1371/journal.pone.0347523,2026-04-16T14:00:00+00:00,science,,"PLOS ONE published a correction to the 2023 TALENT initiative systematic review and meta-analysis of adolescent nutrition in Ethiopia, fixing an incor",,,
d229b766-4504-4caa-adb1-28b24632c72c,Correction: Effect of exercise preconditioning on myocardial content of Sphingosine1-phosphate and its mechanism in rats after exhaustive exercise,PLOS ONE Marine,res,https://journals.plos.org/plosone/article?id=10.1371/journal.pone.0347503,2026-04-16T14:00:00+00:00,science,,"This article is a correction notice for a PLOS ONE study on exercise preconditioning and myocardial Sphingosine-1-phosphate in rats, not an ocean or m",,,
40dc1826-b343-4c40-8a51-e87cb2b91735,"Skipjack tuna prices pressured upwards in Manta, Bangkok",Undercurrent News,media,https://www.undercurrentnews.com/2026/04/16/skipjack-tuna-prices-under-upward-pressure-in-manta-bangkok/,2026-04-16T13:45:04+00:00,fisheries,,"Skipjack tuna ex-vessel prices in Manta and Bangkok are trending upward, driven by slow catches and high fuel prices. Rising canned tuna demand is add",,,
250845e8-e8db-4530-bee4-5679492d9926,Waikīkī faces escalating threat of sewage-contaminated flooding as sea level rises,Phys.org Ocean,media,https://phys.org/news/2026-04-waikk-escalating-threat-sewage-contaminated.html,2026-04-16T13:40:01+00:00,science,msp,A University of Hawai'i at Mānoa study published in Scientific Reports finds that sea-level rise will shift Waikīkī flooding from rainfall-driven to t,,,
704cc967-686d-4d3d-b9eb-0792b8aaf06d,Newly discovered ocean methane source could fuel climate warming loop,Oceanographic Magazine,media,https://oceanographicmagazine.com/news/newly-discovered-ocean-methane-source-could-fuel-climate-warming-loop/,2026-04-16T13:37:41+00:00,all,ocean_carbon,A University of Rochester study published in the Proceedings of the National Academy of Sciences has identified phosphate scarcity as the primary cont,,,
1403fb13-1902-4bbd-abae-8400e8b76fa3,US wholesale: Lower Mexican shrimp landings drive category into premium niche,Undercurrent News,media,https://www.undercurrentnews.com/2026/04/16/us-wholesale-lower-mexican-shrimp-landings-drive-category-into-premium-niche/,2026-04-16T13:28:46+00:00,fisheries,,"Lower Mexican shrimp landings are pushing the US wholesale shrimp category toward a premium niche, according to Undercurrent News. The article does no",,,
5541db97-a1cd-4604-b471-c646207f73a8,Combining seismic and space data to detect calving in Greenland glaciers,Phys.org Ocean,media,https://phys.org/news/2026-04-combining-seismic-space-calving-greenland.html,2026-04-16T13:20:07+00:00,science,,Researchers presenting at the 2026 SSA Annual Meeting demonstrated that combining global seismic network data with satellite imagery improves detectio,,,
763b6634-e35b-4200-ab96-e15ce9db6efd,UK to Scrap Carbon Tax on Gas Plants to Cut Energy Bills,Bloomberg Green,esg,https://www.bloomberg.com/news/articles/2026-04-16/uk-to-scrap-carbon-tax-on-gas-plants-to-cut-energy-bills,2026-04-16T12:56:25+00:00,bluefinance,,The UK government will eliminate a carbon tax on gas generators and industry as part of efforts to reduce energy bills while pursuing power grid decar,,,
8b206af2-26c3-4b21-8bc8-e7e807022f2a,The EPA Weighs Loosening Rules Over Cancer-Causing Gas Emissions,Bloomberg Green,esg,https://www.bloomberg.com/news/newsletters/2026-04-16/epa-weighs-loosening-rules-over-cancer-causing-gas-emissions,2026-04-16T12:55:10+00:00,bluefinance,,The EPA is weighing loosening rules over cancer-causing gas emissions following the Trump administration's issuance of waivers to dozens of plants acr,,,
97653ad2-e08e-4a16-82ce-4b01e094372c,NYC Heat Builds as Midwest Faces Bigger Storm Threat,Bloomberg Green,esg,https://www.bloomberg.com/news/articles/2026-04-16/nyc-heat-builds-as-midwest-faces-bigger-storm-threat,2026-04-16T12:27:56+00:00,bluefinance,,"An early-season heat spell is affecting New York and the East Coast while the Great Plains, Midwest, and parts of the Northeast face escalating storm ",,,
5a29daab-a347-4e3c-9a3f-acd5d4e798f3,"MSC’s ‘blue tick’ scheme creates illusion of ethically sourced fish, study claims",Guardian Fishing,media,https://www.theguardian.com/environment/2026/apr/16/mscs-blue-tick-scheme-creates-illusion-of-ethically-sourced-fish-study-claims,2026-04-16T11:00:57+00:00,fisheries,iuu;msp,A study commissioned by the International Transport Workers' Federation found that one in five vessels where crew reported labour abuses to the ITF ov,,,
eb7293bb-6f0e-4a8d-b0de-0b3e8cc3be55,Toxic Gas-Emitting Plants Get Pollution Reprieve Under Trump,Bloomberg Green,esg,https://www.bloomberg.com/news/features/2026-04-16/toxic-gas-emitting-plants-get-pollution-reprieve-under-trump,2026-04-16T11:00:08+00:00,bluefinance,,"The EPA has exempted dozens of medical sterilizing facilities from complying with Biden-era rules limiting ethylene oxide emissions, a known carcinoge",,,
b06e4711-7893-4f14-b241-e6370864626d,EDP Freezes Three US Wind Projects Over Trump-Era Policy Risks,Bloomberg Green,esg,https://www.bloomberg.com/news/articles/2026-04-16/edp-freezes-three-us-wind-projects-over-trump-era-policy-risks,2026-04-16T10:45:34+00:00,bluefinance,,EDP SA has paused three US wind projects citing limited policy visibility under the Trump administration. Regulatory uncertainty under the current US ,,,
acc1d47f-82ae-433c-8edb-c3fb10412080,"Week 16 Peruvian jumbo flying squid prices rebound in China, Argentine illex steady",Undercurrent News,media,https://www.undercurrentnews.com/2026/04/16/week-16-peruvian-jumbo-flying-squid-prices-rebound-in-china-argentine-illex-steady/,2026-04-16T10:37:56+00:00,fisheries,,"Peruvian jumbo flying squid prices rebounded in China during Week 16, while Argentine illex prices held steady. A China-based source indicated Peruvia",,,
ade01a70-9b1a-436f-a2bf-6c35da2b4346,Scottish Greens reiterate pledge to 'pause' new salmon farms as popularity grows ahead of election,Undercurrent News,media,https://www.undercurrentnews.com/2026/04/16/scottish-greens-reiterate-pledge-to-pause-new-salmon-farms-as-popularity-grows-ahead-of-election/,2026-04-16T10:31:24+00:00,fisheries,,,,,
91fdc354-4aae-4f61-a93b-f0651ca7af8d,Oslo airport bets on cargo expansion to strengthen Norway's seafood export supply chain,Undercurrent News,media,https://www.undercurrentnews.com/2026/04/16/oslo-airport-bets-on-cargo-expansion-to-strengthen-norways-seafood-export-supply-chain/,2026-04-16T10:29:44+00:00,fisheries,,Oslo Airport is planning a major cargo expansion aimed at easing capacity bottlenecks and strengthening Norway's seafood export supply chain. The expa,,,
6e05ba62-e4b5-4776-a75f-6f2b95ad781a,"UK 2026 fishing quotas drop 18% to 612,000t as pelagic cuts hit hard",Undercurrent News,media,https://www.undercurrentnews.com/2026/04/16/uk-2026-fishing-quotas-drop-18-to-612000t-as-pelagic-cuts-hit-hard/,2026-04-16T10:29:24+00:00,fisheries,msp,"UK fishing quotas for 2026 have fallen 18% to 612,000 tonnes, with pelagic species driving the decline. Coastal state quotas covering mackerel, blue w",,,
6915b7b5-fdea-4fa0-85eb-bfeda8bafd82,"Mowi-backed $106m smolt facility signs contracts, to start construction in 2027",Undercurrent News,media,https://www.undercurrentnews.com/2026/04/16/mowi-backed-106m-smolt-facility-signs-contracts-to-start-construction-in-2027/,2026-04-16T10:27:58+00:00,fisheries,blue_finance,A Mowi-backed smolt facility valued at $106 million has signed contracts ahead of a planned construction start in 2027. The project is progressing whi,,,
7353af2c-80a5-4a92-bb5a-35bf10f9b076,"Rising oil prices squeeze tuna fishing sector, with SE Asia among hardest hit",Undercurrent News,media,https://www.undercurrentnews.com/2026/04/16/rising-oil-prices-squeeze-tuna-fishing-sector-with-se-asia-among-hardest-hit/,2026-04-16T10:10:01+00:00,fisheries,imo_shipping;blue_finance,"Rising marine gas oil prices are squeezing the tuna fishing sector, with Southeast Asia identified as among the hardest-hit regions. Despite a sharp s",,,
93cc5d8d-03b1-4034-b617-ef9a29028536,Push to Make US Voters Love AI Gives Them New Cause to Fear It,Bloomberg Green,esg,https://www.bloomberg.com/news/features/2026-04-16/trump-governors-seek-to-soothe-ai-data-center-anger-ahead-of-midterms,2026-04-16T10:00:12+00:00,bluefinance,,US federal and state leaders are pushing data centers to generate their own electricity to address local community opposition ahead of midterm electio,,,
778e757e-4589-49e6-a96c-1908e140d039,Norwegian fisheries exec Arne Stang passes away aged 77,Undercurrent News,media,https://www.undercurrentnews.com/2026/04/16/norwegian-fisheries-exec-arne-stang-passes-away-aged-77/,2026-04-16T09:50:32+00:00,fisheries,,"Arne Stang, a long-standing figure in Norway's fisheries and seafood industry, has died at the age of 77. No further details about his career, roles, ",,,
3ed43856-09d4-43ea-9f32-7e5e21d306b9,Yellowfin tuna prices surge as fuel costs disrupt fishing,Undercurrent News,media,https://www.undercurrentnews.com/2026/04/16/yellowfin-tuna-prices-surge-as-fuel-costs-disrupt-fishing/,2026-04-16T09:33:41+00:00,fisheries,,Yellowfin tuna prices have risen and are projected to continue increasing as fuel costs disrupt fishing operations. The price surge is directly tied t,,,
8e7fed0b-44bd-4395-9185-87569c6ee5af,Indonesia's Delta Marine buys $8m shrimp plant as it moves into processing,Undercurrent News,media,https://www.undercurrentnews.com/2026/04/16/indonesias-delta-marine-buys-8m-shrimp-plant-from-pmmp-as-it-moves-into-processing/,2026-04-16T09:20:10+00:00,fisheries,,"Indonesia's Delta Marine has acquired a shrimp processing plant from PMMP for $8 million, marking the company's entry into value-added processing. The",,,
04dfae77-2287-4ce5-a8f5-fbaf5ff2c243,"Norway's female king crab volumes surge again, prices reach new high",Undercurrent News,media,https://www.undercurrentnews.com/2026/04/16/norways-female-king-crab-volumes-surge-again-prices-reach-new-high/,2026-04-16T09:02:46+00:00,fisheries,,"Norwegian live female king crab landings in the 0.8–1.6kg category surged in week 15, reaching a new seasonal high in both volume and price. Prices cl",,,
e6795171-6e75-4fbc-a46e-1aa41e465315,A regulatory loophole could delay ozone recovery by years,Phys.org Ocean,media,https://phys.org/news/2026-04-regulatory-loophole-delay-ozone-recovery.html,2026-04-16T09:00:09+00:00,science,,An international research team has calculated that feedstock leakage loopholes in the Montreal Protocol could delay ozone recovery by approximately se,,,
5d8fd284-154d-4a6c-8d49-e357c2459829,The 2040 milestones that Europe must meet to achieve climate-neutrality by 2050,Phys.org Ocean,media,https://phys.org/news/2026-04-milestones-europe-climate-neutrality.html,2026-04-16T09:00:01+00:00,science,,"The article content is inaccessible due to a 403 error and automated access block, preventing factual retrieval. No claims from this article can be re",,,
262f34ef-1e9d-47e9-b6e2-90a27898fd6d,Ghana establishes first marine protected area after 15-year conservation push,Undercurrent News,media,https://www.undercurrentnews.com/2026/04/16/ghana-establishes-first-marine-protected-area-after-15-year-conservation-push/,2026-04-16T08:57:28+00:00,fisheries,30x30;msp,Ghana has declared its first marine protected area in the Cape Three Points region following a 15-year conservation effort to restore declining fish s,,,
26350475-abb6-44f9-9e27-4da2367e6287,Lobster farmers in Vietnam struggle to recover after storm losses,Undercurrent News,media,https://www.undercurrentnews.com/2026/04/16/lobster-farmers-in-vietnam-struggle-to-recover-after-storm-losses/,2026-04-16T08:48:20+00:00,fisheries,,"Vietnam lobster farmers are struggling to restart production following storm losses, with limited access to support and regulatory hurdles slowing rec",,,
afeb4a91-c0df-4e37-b1f9-77ac1b106639,US wholesale: Cod markets push higher as global raw material squeeze intensifies,Undercurrent News,media,https://www.undercurrentnews.com/2026/04/16/us-wholesale-cod-markets-push-higher-as-global-raw-material-squeeze-intensifies/,2026-04-16T07:22:22+00:00,fisheries,,US wholesale cod markets are pushing higher as tight raw material availability and elevated pricing at origin sustain upward price pressure. The globa,,,
59d42ee9-5194-484d-9304-a432e30e431a,Daily recap: US tariff refunds coming in 2-3 months; Snow crab processors hit union leaders with suit,Undercurrent News,media,https://www.undercurrentnews.com/2026/04/16/daily-recap-us-tariff-refunds-coming-in-2-3-months-snow-crab-processors-hit-union-leaders-with-suit/,2026-04-16T07:09:11+00:00,fisheries,,,,,
b62c9d6a-2bb8-4ffe-b14a-8ab16069f792,CATL Overtakes PetroChina in Market Value as Green Bets Ramp Up,Bloomberg Green,esg,https://www.bloomberg.com/news/articles/2026-04-16/catl-overtakes-petrochina-in-market-value-as-green-bets-ramp-up,2026-04-16T06:31:15+00:00,bluefinance,,"CATL has overtaken PetroChina in market value, driven by investor optimism over green energy linked to war-driven demand. This marks a recurring shift",,,
7424cd2e-75c8-4018-9631-99fb1fa1e3be,World's first fossil fuel phase-out conference puts ocean in its sights,Oceanographic Magazine,media,https://oceanographicmagazine.com/news/world-s-first-fossil-fuel-phase-out-conference-puts-ocean-in-its-sights/,2026-04-16T06:02:25+00:00,all,ocean_carbon;msp,"Policy makers from more than 45 countries will convene in Santa Marta, Colombia for the First International Conference on Transitioning Away from Foss",,,
3571af57-4847-4a31-a5e6-5fa5b7d56bc5,This drone reveals what lies beneath snow and soil,Phys.org Ocean,media,https://phys.org/news/2026-04-drone-reveals-beneath-soil.html,2026-04-16T04:20:02+00:00,science,,"SINTEF researchers have developed drone platforms equipped with ground-penetrating radar, magnetometers and cameras capable of mapping subsurface snow",,,
c28b4a06-8663-4315-b22d-d82f669e6ac7,China and India Signal a Decade of Cautious Climate Action,Bloomberg Green,esg,https://www.bloomberg.com/news/articles/2026-04-16/china-and-india-signal-a-decade-of-cautious-climate-action,2026-04-16T04:00:14+00:00,bluefinance,,,,,
48f9e47d-03de-412f-941a-33f59bd404d1,Coordination gaps slow progress on Baltic Sea &#039;ghost gear&#039;,Phys.org Ocean,media,https://phys.org/news/2026-04-gaps-baltic-sea-ghost-gear.html,2026-04-16T01:40:01+00:00,science,,"A study published in Maritime Studies finds that conflicts of interest, unclear responsibilities, and power imbalances between actors are stalling gho",,,
2ca404f9-1726-4146-8070-7577de87366e,How microplastics hurt the species that keep our coasts healthy,Phys.org Ocean,media,https://phys.org/news/2026-04-microplastics-species-coasts-healthy.html,2026-04-16T00:20:01+00:00,science,,New research has found that microplastics disrupt the bioturbation activity of bamboo worms (Macroclymenella stewartensis) in New Zealand's sheltered ,,,
8e624377-1cb9-44f9-8484-17554351a6dc,Humanitarian blind spots in Western climate change policy and discourse,Nature Climate Change,res,https://www.nature.com/articles/s41558-026-02613-0,2026-04-16T00:00:00+00:00,climate,,A correspondence published in Nature Climate Change argues that Western climate policy and discourse marginalises the experiences of communities direc,,,
6a038fcd-b1bc-4690-86b4-8071e9bdf47e,Methane pyrolysis-enabled production of high-value carbon fibres,Nature Sustainability,res,https://www.nature.com/articles/s41893-026-01815-w,2026-04-16T00:00:00+00:00,governance,,"Carbon fibres (CFs) are indispensable for lightweight structural engineering, yet their widespread adoption is stifled by the high cost and environmen",,,
e62e87ca-61b1-473c-80ea-07944a72028f,Japan's largest trout farmer taps Scale Aquaculture for second feed barge,Undercurrent News,media,https://www.undercurrentnews.com/2026/04/16/japans-largest-trout-farmer-taps-scale-aquaculture-for-second-feed-barge/,2026-04-15T23:51:51+00:00,fisheries,,"Japan's largest trout farmer, Okamura Foods, has contracted Scale Aquaculture for a second feed barge, an upgraded vessel equipped with 16 pipes allow",,,
f9bc4b14-209e-49e0-b164-61095b1fdc1a,Alaska Sitka sac roe herring season ends with 80% of quota unharvested,Undercurrent News,media,https://www.undercurrentnews.com/2026/04/16/alaska-sitka-sac-roe-herring-season-ends-with-80-of-quota-unharvested/,2026-04-15T23:49:47+00:00,fisheries,,"The Alaska Sitka sac roe herring season closed with 6,155 short tons harvested, leaving 80% of the quota untaken. The catch volume aligned with Japane",,,
fe7abd7e-3393-4967-85ff-56cbf5fe0624,US to Preserve Billions in Hydrogen Funds Pegged for Termination,Bloomberg Green,esg,https://www.bloomberg.com/news/articles/2026-04-15/us-to-preserve-billions-in-hydrogen-funds-pegged-for-termination,2026-04-15T22:58:47+00:00,bluefinance,,The Trump administration plans to preserve billions of dollars in funding for hydrogen ventures and other projects previously earmarked for terminatio,,,
74412194-e4a8-4101-a388-f84bd5c12553,"Machine learning tool pinpoints optimal locations for tree planting, offering a powerful tool for climate mitigation",Phys.org Ocean,media,https://phys.org/news/2026-04-machine-tool-optimal-tree-powerful.html,2026-04-15T22:30:03+00:00,science,,Researchers at the European Centre for Medium-Range Weather Forecasts have published a study in Communications Sustainability showing that a genetic m,,,
b6b31fd6-8c34-4599-9eb8-0301b8eb3935,UK Car Industry Seeks Changes to EU’s ‘Made in Europe’ Agenda,Bloomberg Green,esg,https://www.bloomberg.com/news/articles/2026-04-15/uk-car-industry-seeks-changes-to-eu-s-made-in-europe-agenda,2026-04-15T22:01:00+00:00,bluefinance,,A UK automotive trade group has called on the EU to urgently revise a proposed law it says will discriminate against British car manufacturers and thr,,,
a2722996-5f41-4a6f-8869-e3d2e4fef7bd,"As polar ice changes, so do the rules governing it",Phys.org Ocean,media,https://phys.org/news/2026-04-polar-ice.html,2026-04-15T21:50:03+00:00,science,,A University of Utah study published in Scientific Reports has identified a distinct permeability threshold for granular sea ice at 10% brine volume f,,,
098bde40-b7c8-43bc-883a-008c6a531cc9,Ancient seabird guano reveals how climate change may shape future populations,Phys.org Ocean,media,https://phys.org/news/2026-04-ancient-seabird-guano-reveals-climate.html,2026-04-15T20:50:01+00:00,science,,"Researchers analyzing mercury content in peat cores from Bird Island, South Georgia, have reconstructed 8,000 years of seabird population change, find",,,
233a787c-282c-4eb5-806c-c7e0c2f16089,Ancient Maya droughts may have been fueled by Earth&#039;s own climate swings,Phys.org Ocean,media,https://phys.org/news/2026-04-ancient-maya-droughts-fueled-earth.html,2026-04-15T19:40:03+00:00,science,,A new climate modeling study published in Quaternary Science Reviews finds that severe droughts linked to the decline of the Classic Maya civilization,,,
9e340b3d-1f65-4d31-8db0-cd3771d5a2ed,Bessent ‘Optimistic’ Gas Will Drop to $3 Per Gallon Over Summer,Bloomberg Green,esg,https://www.bloomberg.com/news/articles/2026-04-15/bessent-optimistic-gas-will-drop-to-3-per-gallon-over-summer,2026-04-15T18:03:11+00:00,bluefinance,,US Treasury Secretary Scott Bessent expressed optimism that gasoline prices will fall to $3 per gallon over the summer driving season. The article con,,,
76572245-089e-4df2-931d-d16293b8a6b3,European Clean Tech Investors Make the Case for Geothermal,Bloomberg Green,esg,https://www.bloomberg.com/news/newsletters/2026-04-15/european-clean-tech-investors-make-the-case-for-geothermal,2026-04-15T17:39:48+00:00,bluefinance,,"European clean tech investors are advocating for geothermal energy, citing its emissions-free profile and resilience to adversarial attack. The articl",,,
a2b382a0-f64b-42b6-bc9f-536277a3e614,Freedom Forever Files for Bankruptcy as Solar Industry Woes Deepen,Bloomberg Green,esg,https://www.bloomberg.com/news/articles/2026-04-15/freedom-forever-files-bankruptcy-as-solar-industry-woes-deepen,2026-04-15T17:24:15+00:00,bluefinance,,,,,
acf3975a-7d0e-48a2-aeaf-dca288e3d2a3,Blended satellite data reveal what drove methane&#039;s 2019–2024 rise worldwide,Phys.org Ocean,media,https://phys.org/news/2026-04-blended-satellite-reveal-drove-methane.html,2026-04-15T17:20:05+00:00,science,,"A Harvard-led study published in Science Advances used blended TROPOMI and GOSAT satellite data, corrected via machine learning, to identify the drive",,,
e070804f-cb92-4a36-8535-e8b2e02df50c,Week 16 US wholesale prices: Live lobster pours in from Canada; Crabmeat market remains firm,Undercurrent News,media,https://www.undercurrentnews.com/2026/04/15/week-16-us-wholesale-prices-live-lobster-pours-in-from-canada-crabmeat-market-remains-firm/,2026-04-15T16:23:17+00:00,fisheries,,,,,
e3151b6b-9a96-4c3a-9220-766d7f5b8355,Snow crab processors hit Canadian fishing union leaders with CAD 2.5m suit,Undercurrent News,media,https://www.undercurrentnews.com/2026/04/15/snow-crab-processors-hit-canadian-fishing-union-leaders-with-cad-2-5m-suit/,2026-04-15T16:18:12+00:00,fisheries,,Five Canadian snow crab processors have filed a CAD 2.5 million lawsuit against fishing union leaders in Canada. The suit is brought on behalf of Barr,,,
ced1bf7c-dadc-4395-a02e-cd7c0b58892f,Key Red Lobster investor reportedly marks down equity stake,Undercurrent News,media,https://www.undercurrentnews.com/2026/04/15/key-red-lobster-investor-reportedly-marks-down-equity-stake/,2026-04-15T16:15:34+00:00,fisheries,,TCW Group has reportedly marked down its equity stake in Red Lobster to less than $1 million as the seafood chain approaches the second anniversary of,,,
b1fb7e4e-dd36-4975-8015-350fbfde336d,Week 16 Ecuadorian shrimp prices to China settle after downturn,Undercurrent News,media,https://www.undercurrentnews.com/2026/04/15/week-16-ecuadorian-shrimp-prices-to-china-settle-after-downturn/,2026-04-15T16:11:45+00:00,fisheries,,Ecuadorian shrimp prices to China stabilized in week 16 after several consecutive weeks of declines. The article does not provide sufficient detail on,,,
da66e32a-4d70-417f-a6b4-46d2156a4db8,Neanderthal infants were enormous compared with modern humans,New Scientist,media,https://www.newscientist.com/article/2523132-neanderthal-infants-were-enormous-compared-with-modern-humans/?utm_campaign=RSS%7CNSNS&#038;utm_source=NSNS&#038;utm_medium=RSS&#038;utm_content=home,2026-04-15T16:00:13+00:00,science,,,,,
4b717e0e-5e2a-4211-9a96-5cc61ee80a6c,AZ Gems taps former COSFF sales exec to lead business development,Undercurrent News,media,https://www.undercurrentnews.com/2026/04/15/az-gems-taps-former-cosff-sales-exec-to-lead-business-development/,2026-04-15T15:45:20+00:00,fisheries,,,,,
7a79e35f-44c0-4ec0-9e23-c3f4c8705433,Chile seafood exports expand further in Q1 as salmon offsets shellfish decline,Undercurrent News,media,https://www.undercurrentnews.com/2026/04/15/chile-seafood-exports-expand-further-in-q1-as-salmon-offsets-shellfish-decline/,2026-04-15T15:35:23+00:00,fisheries,,,,,
2bac6589-932e-41e7-ae47-6ab86a611fd2,Canada commits CAD 400 million for Chinook salmon conservation project,Undercurrent News,media,https://www.undercurrentnews.com/2026/04/15/canada-commits-cad-400-million-for-chinook-salmon-conservation-project/,2026-04-15T15:20:36+00:00,fisheries,,"Canada has committed CAD 400 million to a Chinook salmon conservation project administered by the Department of Fisheries and Oceans, which will mark ",,,
1808c4a1-ad42-4c0b-9664-3a4785a4cc6a,Canada commits CAD 400m for Chinook salmon conservation project,Undercurrent News,media,https://www.undercurrentnews.com/2026/04/15/canada-commits-cad-400m-for-chinook-salmon-conservation-project/,2026-04-15T15:20:36+00:00,fisheries,,"Canada has committed CAD 400 million to a Chinook salmon conservation project run through the Department of Fisheries and Oceans (DFO), which will mar",,,
a47dc0ef-54c9-4f50-ac10-da3546a12841,“National turning point”: Ghana declares historic first Marine Protected Area,Oceanographic Magazine,media,https://oceanographicmagazine.com/news/national-turning-point-ghana-declares-historic-first-marine-protected-area/,2026-04-15T15:05:56+00:00,all,,"Ghana has officially declared its first Marine Protected Area, placing approximately 703 km² of ocean in the Greater Cape Three Points area of the Wes",,,
d33a98b9-80da-4553-ab06-4f98c21a455c,CO₂ emissions from cultivated peat soils may be lower than assumed,Phys.org Ocean,media,https://phys.org/news/2026-04-emissions-cultivated-peat-soils-assumed.html,2026-04-15T14:40:02+00:00,science,,New NIBIO research published in Communications Earth & Environment finds that IPCC Tier 1 emission factors may overestimate CO₂ emissions from cultiva,,,
90715584-aef9-405e-b53e-a78e111eab7b,Most endangered marine mammals face highest plastic risk,Oceanographic Magazine,media,https://oceanographicmagazine.com/news/most-endangered-marine-mammals-face-highest-plastic-risk/,2026-04-15T14:35:09+00:00,all,,A study published in Conservation Biology ranks 117 marine mammals by vulnerability to macroplastic pollution and finds that 17 of the 22 species in t,,,
5d27e375-850c-42ef-af97-e8220dba8519,Assessing the real-world safety of vutrisiran for transthyretin-mediated amyloidosis with polyneuropathy: Based on WHO-VigiAccess and FAERS databases,PLOS ONE Marine,res,https://journals.plos.org/plosone/article?id=10.1371/journal.pone.0347417,2026-04-15T14:00:00+00:00,science,,"Background Vutrisiran is a double-stranded siRNA targeting transthyretin mRNA, primarily for the treatment of transthyretin-mediated amyloidosis (ATTR",,,
91cd5479-2e1d-46af-960c-7bc8e1656df0,Trends in overweight and obesity among reproductive-age women in Bangladesh: Analysis of nationally representative surveys over a decade,PLOS ONE Marine,res,https://journals.plos.org/plosone/article?id=10.1371/journal.pone.0347419,2026-04-15T14:00:00+00:00,science,,"Background Overweight and obesity are emerging public health concerns in Bangladesh, contributing to the rising burden of non-communicable diseases. W",,,
a55b9119-150c-41e8-8b37-6316072c6b16,NSUN4-mediated m5C RNA methylation protects retinal cells against excitotoxic injury via the SHH signaling pathway,PLOS ONE Marine,res,https://journals.plos.org/plosone/article?id=10.1371/journal.pone.0347414,2026-04-15T14:00:00+00:00,science,,"Glaucoma, a leading global cause of blindness, is characterized by progressive retinal neuronal loss. NOP2/Sun RNA methyltransferase 4 (NSUN4), a writ",,,
e5b766fb-0ea3-4f55-be23-0c0bec0cd9f7,Revisiting the exposure criterion for PTSD: Using the COVID-19 pandemic as an opportunity to assess measurement invariance of PTSD symptoms across event types,PLOS ONE Marine,res,https://journals.plos.org/plosone/article?id=10.1371/journal.pone.0347315,2026-04-15T14:00:00+00:00,science,,Introduction There is an ongoing debate about the exposure criterion of PTSD since its introduction in the DSM-III in 1980 and the global COVID-19 pan,,,
e5f537fb-6b87-4ceb-bc74-730e95d467c0,Retraction: The impact of agricultural water salvation investment on economics development: Evidence from Eastern China,PLOS ONE Marine,res,https://journals.plos.org/plosone/article?id=10.1371/journal.pone.0347257,2026-04-15T14:00:00+00:00,science,,PLOS One retracted a 2022 article on agricultural water investment and economic development in Eastern China due to authorship policy non-compliance a,,,
47ef9dfe-84f1-4f8d-9b6b-157599a5708b,Noninvasive detection of audiovisual superadditivity in rat brain by miniaturized SERF magnetometer,PLOS ONE Marine,res,https://journals.plos.org/plosone/article?id=10.1371/journal.pone.0347319,2026-04-15T14:00:00+00:00,science,,"The neural mechanisms of multisensory integration, particularly the superadditive response where combined sensory inputs elicit neural activity exceed",,,
96f34b4b-cf9b-4989-9f97-e63fb7655a14,Correction: Population pharmacokinetics model of pyrazinamide to optimize tuberculosis treatment: An interethnic cohort study of diabetes mellitus effect on drug exposure,PLOS ONE Marine,res,https://journals.plos.org/plosone/article?id=10.1371/journal.pone.0347490,2026-04-15T14:00:00+00:00,science,,"PLOS ONE issued a correction to a 2026 study on population pharmacokinetics of pyrazinamide in tuberculosis treatment, replacing an incorrect funding ",,,